Date,Summary,Precipitation,Temperature,ApparentTemp,Humidity,WindSpeed,WindBearing,Visibility,Pressure,DailySummary
1/1/2016,Clear,snow,-6.361111111,-9.361111111,0.82,6.0858,121,15.8263,1032.01,Mostly cloudy starting in the morning.
1/2/2016,Partly Cloudy,snow,-5.105555556,-5.105555556,0.96,3.22,160,9.5634,1027.51,Partly cloudy until night.
1/3/2016,Mostly Cloudy,snow,-4.566666667,-9.866666667,0.72,14.2968,61,14.9086,1023.53,Mostly cloudy throughout the day.
1/4/2016,Overcast,snow,-7.994444444,-15.21111111,0.78,19.4971,179,11.9784,1015.48,Foggy in the afternoon.
1/5/2016,Overcast,snow,-5.672222222,-5.672222222,0.88,3.0751,281,8.05,1002.53,Foggy starting in the morning continuing until evening.
1/6/2016,Overcast,snow,-1.238888889,-5.1,0.92,11.27,60,5.8604,1007.5,Foggy starting in the afternoon.
1/7/2016,Foggy,snow,-0.022222222,-3.511111111,0.96,10.7548,351,1.288,997.99,Foggy until afternoon.
1/8/2016,Foggy,snow,-4.672222222,-7.444444444,1,6.1502,210,0.1932,1005.39,Foggy until evening.
1/9/2016,Foggy,snow,-0.005555556,-4.188888889,0.96,13.9104,150,2.5277,1012.66,Foggy starting overnight continuing until evening.
1/10/2016,Overcast,rain,3.15,1.6,0.96,6.0375,157,5.8765,1006.92,Foggy starting in the evening.
1/11/2016,Foggy,rain,2.655555556,-0.327777778,1,10.8836,139,0.6601,1005.29,Foggy overnight.
1/12/2016,Breezy and Overcast,rain,8.661111111,4.816666667,0.94,30.3485,299,14.9086,993.96,Mostly cloudy throughout the day.
1/13/2016,Foggy,rain,2.183333333,0.294444444,0.87,6.5849,226,3.1878,1005.72,Partly cloudy overnight.
1/14/2016,Partly Cloudy,rain,3.25,-0.861111111,0.85,18.0642,271,16.1,1015.6,Mostly cloudy starting overnight.
1/15/2016,Overcast,rain,2.244444444,-1.411111111,0.89,13.7655,140,15.8263,1011.66,Foggy in the morning.
1/16/2016,Partly Cloudy,snow,-0.694444444,-5.144444444,0.92,14.4578,281,16.1,1011.74,Mostly cloudy until night.
1/17/2016,Mostly Cloudy,snow,-0.605555556,-6.577777778,0.76,24.311,9,15.8263,1015.21,Overcast throughout the day and breezy in the evening.
1/18/2016,Overcast,snow,-3.377777778,-10.24444444,0.79,25.116,11,16.1,1016.33,Mostly cloudy throughout the day.
1/19/2016,Mostly Cloudy,snow,-3.716666667,-6.411111111,0.79,6.2951,320,15.8263,1021.05,Mostly cloudy until night.
1/20/2016,Partly Cloudy,snow,-5.044444444,-7.983333333,0.81,6.3917,124,16.0517,1021.46,Mostly cloudy throughout the day.
1/21/2016,Overcast,snow,-3.883333333,-3.883333333,0.87,3.4132,232,6.2951,1019.7,Mostly cloudy throughout the day.
1/22/2016,Mostly Cloudy,snow,-6.894444444,-10.17777778,0.88,6.5044,309,14.9086,1032.15,Partly cloudy until evening.
1/23/2016,Foggy,snow,-7.494444444,-7.494444444,1,4.6046,140,0.7728,1038.01,Foggy until morning.
1/24/2016,Overcast,snow,-3.844444444,-6.544444444,0.88,6.2629,131,3.9284,1035.1,Foggy in the morning.
1/25/2016,Overcast,snow,-1.666666667,-4.072222222,0.96,6.3595,141,3.4454,1035.48,Foggy starting in the afternoon.
1/26/2016,Foggy,rain,1.133333333,-0.716666667,1,6.0375,193,0.322,1027.02,Foggy until night.
1/27/2016,Foggy,rain,1.577777778,-1.711111111,1,11.27,140,0.161,1029.68,Foggy throughout the day.
1/28/2016,Foggy,snow,-0.6,-2.766666667,1,6.1663,180,0.161,1025.48,Foggy until morning.
1/29/2016,Partly Cloudy,rain,3.8,2.194444444,1,6.4883,253,3.6064,1027.35,Foggy starting in the evening.
1/30/2016,Foggy,snow,-1.644444444,-3.944444444,1,6.118,171,0.805,1032.07,Foggy until afternoon.
1/31/2016,Partly Cloudy,rain,7.961111111,4.761111111,0.78,20.5597,191,15.134,1016.3,Overcast throughout the day.
2/1/2016,Overcast,rain,3.311111111,0.411111111,1,11.109,181,6.1985,1017.78,Foggy starting in the evening.
2/2/2016,Foggy,rain,6.777777778,5.616666667,0.99,6.5527,178,0.9338,1024.02,Foggy overnight.
2/3/2016,Overcast,rain,7.222222222,5.194444444,0.99,10.7226,173,8.1305,1018.23,Overcast throughout the day and breezy overnight.
2/4/2016,Breezy and Overcast,rain,3.866666667,-1.461111111,0.96,30.59,340,4.7495,1013.45,Mostly cloudy throughout the day.
2/5/2016,Partly Cloudy,rain,0.511111111,-3.583333333,0.85,14.0392,281,16.1,1021.25,Partly cloudy until evening.
2/6/2016,Clear,snow,-1.272222222,-5.055555556,0.88,10.8997,270,14.9086,1030.13,Partly cloudy starting overnight.
2/7/2016,Partly Cloudy,rain,1.088888889,-2.9,0.82,14.168,140,16.0517,1025.95,Partly cloudy throughout the day.
2/8/2016,Partly Cloudy,rain,3.177777778,-0.794444444,0.77,16.9533,160,16.1,1018.56,Mostly cloudy throughout the day.
2/9/2016,Overcast,rain,7.85,5.366666667,0.79,14.3451,161,16.0517,1014.98,Mostly cloudy throughout the day.
2/10/2016,Overcast,rain,8.4,5.35,0.79,20.2377,151,16.0517,1003.5,Mostly cloudy throughout the day and breezy in the morning.
2/11/2016,Partly Cloudy,rain,3.866666667,0.022222222,0.76,17.2753,251,16.1,1001.98,Partly cloudy until evening.
2/12/2016,Partly Cloudy,snow,-0.672222222,-0.672222222,0.92,0.8533,15,15.8263,1011.22,Mostly cloudy starting overnight.
2/13/2016,Mostly Cloudy,rain,6.016666667,1.616666667,0.8,27.4505,150,16.0517,1001.77,Mostly cloudy throughout the day.
2/14/2016,Partly Cloudy,rain,3.194444444,1.544444444,0.96,6.3595,169,9.8532,998.56,Mostly cloudy throughout the day.
2/15/2016,Partly Cloudy,rain,9.861111111,7.905555556,0.86,13.8782,161,16.1,998.05,Foggy starting in the morning continuing until afternoon.
2/16/2016,Partly Cloudy,rain,5.488888889,5.488888889,1,3.5581,227,3.9767,1018.02,Foggy overnight.
2/17/2016,Mostly Cloudy,rain,5.511111111,1.677777778,0.82,20.4148,31,8.372,1029.4,Mostly cloudy throughout the day.
2/18/2016,Overcast,rain,6.083333333,6.083333333,1,3.0268,157,11.6725,1021.48,Overcast until night.
2/19/2016,Overcast,rain,6.666666667,5.527777778,0.93,6.4239,112,7.9051,1013.5,Mostly cloudy throughout the day.
2/20/2016,Partly Cloudy,rain,2.8,-0.788888889,0.92,14.0875,235,15.9229,1021.59,Partly cloudy until night.
2/21/2016,Mostly Cloudy,rain,1.761111111,-1.416666667,0.91,10.9319,180,11.9784,1021.94,Overcast throughout the day.
2/22/2016,Mostly Cloudy,rain,6.672222222,4.033333333,0.85,13.5884,172,12.2521,1016.18,Mostly cloudy throughout the day.
2/23/2016,Mostly Cloudy,rain,7.4,6.416666667,0.88,6.279,174,14.9086,1012.25,Mostly cloudy throughout the day.
2/24/2016,Mostly Cloudy,rain,8.311111111,6.033333333,1,13.6528,170,3.4615,1007.6,Mostly cloudy throughout the day and breezy starting overnight continuing until morning.
2/25/2016,Partly Cloudy,snow,-0.111111111,-0.111111111,0.85,2.9785,259,15.8263,1018.3,Mostly cloudy throughout the day.
2/26/2016,Overcast,rain,4.861111111,3.416666667,0.96,6.5044,0,4.9105,1011.08,Foggy starting in the evening.
2/27/2016,Foggy,snow,-1.127777778,-2.788888889,1,4.8783,42,0.9016,1014.64,Foggy overnight.
2/28/2016,Partly Cloudy,rain,3.633333333,0.294444444,0.9,13.7333,119,7.8246,1017.09,Mostly cloudy throughout the day.
2/29/2016,Overcast,rain,7.127777778,4.516666667,0.8,14.1358,108,16.0517,1016.39,Overcast throughout the day.
3/1/2016,Overcast,rain,8.311111111,7.45,1,6.3273,152,4.025,1009,Foggy starting overnight continuing until morning and breezy starting in the morning continuing until afternoon.
3/2/2016,Mostly Cloudy,rain,2.222222222,-2.055555556,0.85,17.4524,281,15.8263,1014.99,Partly cloudy starting overnight.
3/3/2016,Partly Cloudy,rain,2.661111111,-0.305555556,0.85,10.8192,112,15.6492,1005.59,Mostly cloudy throughout the day.
3/4/2016,Overcast,rain,7.127777778,4.516666667,0.89,14.1358,39,15.134,996.16,Overcast throughout the day.
3/5/2016,Mostly Cloudy,rain,3.872222222,2.338888889,0.96,6.2951,250,11.8979,1007.01,Mostly cloudy starting overnight.
3/6/2016,Mostly Cloudy,rain,6.711111111,3.588888889,0.81,17.1143,141,16.0517,1004.07,Mostly cloudy throughout the day.
3/7/2016,Overcast,rain,7.616666667,5.65,0.96,10.8192,129,7.7441,1003.22,Mostly cloudy throughout the day.
3/8/2016,Mostly Cloudy,rain,6.672222222,4.016666667,0.99,13.7011,282,8.7423,1003.56,Mostly cloudy until night.
3/9/2016,Partly Cloudy,rain,2.172222222,-0.883333333,0.96,10.7548,329,6.9069,1015.34,Foggy in the morning.
3/10/2016,Partly Cloudy,rain,3.805555556,1.016666667,0.96,11.0446,341,4.0733,1009.17,Mostly cloudy throughout the day.
3/11/2016,Overcast,rain,8.866666667,6.644444444,0.89,14.1519,11,16.1,1011.37,Mostly cloudy throughout the day.
3/12/2016,Overcast,rain,7.783333333,7.783333333,0.99,4.2182,19,4.3953,1019.15,Mostly cloudy throughout the day.
3/13/2016,Mostly Cloudy,rain,4.033333333,2.505555556,0.95,6.3595,3,9.982,1022.17,Mostly cloudy throughout the day.
3/14/2016,Breezy and Overcast,rain,5.016666667,0.005555556,0.72,31.0247,30,16.1,1024.29,Partly cloudy until night and breezy in the morning.
3/15/2016,Partly Cloudy,rain,1.394444444,-1.927777778,0.79,11.2378,311,16.1,1021.89,Mostly cloudy throughout the day.
3/16/2016,Mostly Cloudy,rain,2.733333333,1.544444444,0.96,4.9588,103,7.084,1022.1,Mostly cloudy throughout the day.
3/17/2016,Mostly Cloudy,rain,3.705555556,3.705555556,0.89,3.2039,331,9.982,1030.46,Partly cloudy starting in the morning continuing until evening.
3/18/2016,Clear,rain,2.6,2.6,0.85,3.22,206,6.2951,1023.42,Foggy in the morning.
3/19/2016,Partly Cloudy,rain,4.333333333,1.622222222,0.77,11.1895,263,15.8263,1012.75,Partly cloudy overnight.
3/20/2016,Partly Cloudy,rain,1.233333333,1.233333333,0.78,4.2182,59,16.1,1018.91,Mostly cloudy until evening.
3/21/2016,Clear,rain,4.694444444,3.377777778,0.77,6.0214,159,11.8013,1014.14,Partly cloudy starting overnight.
3/22/2016,Mostly Cloudy,rain,5.966666667,5.966666667,0.79,3.0751,190,9.9015,1013.92,Mostly cloudy throughout the day.
3/23/2016,Partly Cloudy,rain,2.205555556,2.205555556,0.83,2.9141,324,10.2074,1009.24,Overcast starting in the afternoon.
3/24/2016,Overcast,rain,4.955555556,1.422222222,0.92,16.9694,330,12.2521,1001.2,Partly cloudy until night.
3/25/2016,Clear,rain,0.411111111,-2.927777778,0.65,10.4972,349,16.1,1014.66,Mostly cloudy starting in the morning.
3/26/2016,Mostly Cloudy,rain,4.45,3.083333333,0.82,6.0697,172,15.8263,1016.6,Mostly cloudy throughout the day.
3/27/2016,Overcast,rain,7.611111111,5.677777778,0.83,10.6421,293,14.812,1016.78,Mostly cloudy throughout the day.
3/28/2016,Partly Cloudy,rain,3.272222222,1.65,0.92,6.2951,140,8.05,1016.89,Foggy in the morning.
3/29/2016,Overcast,rain,9.4,8.655555556,0.83,6.5205,169,14.9086,1011.76,Mostly cloudy throughout the day.
3/30/2016,Overcast,rain,9.305555556,8.577777778,0.83,6.4078,173,12.2521,1017.7,Mostly cloudy throughout the day.
3/31/2016,Overcast,rain,13.26111111,13.26111111,0.74,10.626,162,16.1,1017.48,Partly cloudy throughout the day.
4/1/2016,Partly Cloudy,rain,11.80555556,11.80555556,0.71,13.8943,170,16.1,1014.14,Mostly cloudy throughout the day.
4/2/2016,Partly Cloudy,rain,8.977777778,5.655555556,0.58,24.8262,30,16.1,1019.98,Partly cloudy until night.
4/3/2016,Partly Cloudy,rain,7.566666667,5.655555556,0.53,10.4489,50,16.1,1023.74,Partly cloudy until morning.
4/4/2016,Clear,rain,11.6,11.6,0.65,13.8943,160,16.1,1016.29,Partly cloudy starting overnight.
4/5/2016,Partly Cloudy,rain,13.85,13.85,0.69,6.4722,182,16.1,1010.88,Partly cloudy throughout the day.
4/6/2016,Partly Cloudy,rain,15.36666667,15.36666667,0.66,9.4507,182,14.7315,1009.35,Partly cloudy starting in the morning.
4/7/2016,Partly Cloudy,rain,13.26111111,13.26111111,0.74,3.4776,283,10.2557,1011.31,Partly cloudy throughout the day.
4/8/2016,Overcast,rain,18.12777778,18.12777778,0.66,16.261,157,9.982,1006.96,Overcast throughout the day.
4/9/2016,Overcast,rain,13.73333333,13.73333333,0.96,6.4722,262,11.6725,1002.45,Overcast throughout the day.
4/10/2016,Overcast,rain,9.927777778,7.927777778,0.8,14.2968,280,9.982,1004.82,Overcast throughout the day.
4/11/2016,Overcast,rain,10,7.672222222,0.82,17.2431,291,16.1,1010.25,Mostly cloudy until evening.
4/12/2016,Clear,rain,8.2,8.2,0.93,2.9624,162,9.8532,1012.93,Foggy in the morning.
4/13/2016,Partly Cloudy,rain,10.08888889,10.08888889,0.77,3.381,293,15.8263,1010.65,Partly cloudy throughout the day.
4/14/2016,Mostly Cloudy,rain,14.26111111,14.26111111,0.77,6.2951,200,16.1,1004.01,Partly cloudy throughout the day and breezy starting in the afternoon continuing until evening.
4/15/2016,Mostly Cloudy,rain,13.21666667,13.21666667,0.62,28.2555,300,16.1,1009.6,Partly cloudy until night.
4/16/2016,Partly Cloudy,rain,11.58333333,11.58333333,0.67,16.7762,152,16.1,1012.86,Partly cloudy until night and breezy starting in the morning continuing until afternoon.
4/17/2016,Partly Cloudy,rain,14.13888889,14.13888889,0.61,11.2056,231,16.1,1011.95,Mostly cloudy throughout the day.
4/18/2016,Mostly Cloudy,rain,15.93333333,15.93333333,0.68,13.3952,176,16.1,1012.83,Foggy in the morning.
4/19/2016,Overcast,rain,15.34444444,15.34444444,0.78,11.27,330,16.1,1016.63,Mostly cloudy throughout the day.
4/20/2016,Partly Cloudy,rain,9.977777778,7.327777778,0.67,20.3504,321,15.1823,1018.24,Partly cloudy until evening.
4/21/2016,Clear,rain,5.427777778,3.083333333,0.7,10.4811,281,16.1,1027.25,Partly cloudy in the afternoon.
4/22/2016,Clear,rain,8.088888889,6.2,0.62,10.8997,140,16.1,1021.49,Partly cloudy starting in the morning.
4/23/2016,Partly Cloudy,rain,10.37777778,10.37777778,0.67,6.118,201,16.1,1010.75,Partly cloudy throughout the day.
4/24/2016,Overcast,rain,12.8,12.8,0.89,17.0177,250,6.5688,1001.71,Overcast throughout the day and breezy starting in the morning continuing until evening.
4/25/2016,Overcast,rain,6.083333333,2.461111111,0.92,19.9318,320,6.2951,1004.68,Mostly cloudy throughout the day.
4/26/2016,Partly Cloudy,rain,2.705555556,0.927777778,0.91,6.5044,291,9.982,1008.47,Partly cloudy until evening.
4/27/2016,Clear,rain,6.188888889,3.483333333,0.7,13.363,160,15.1823,1010.38,Mostly cloudy starting overnight.
4/28/2016,Mostly Cloudy,rain,5.416666667,1.105555556,0.86,24.633,300,16.1,1015.16,Mostly cloudy throughout the day.
4/29/2016,Overcast,rain,9.305555556,9.305555556,0.89,3.5259,322,15.1823,1018.14,Mostly cloudy throughout the day.
4/30/2016,Mostly Cloudy,rain,6.505555556,6.505555556,0.96,3.22,290,6.1663,1020.44,Foggy starting overnight continuing until morning.
5/1/2016,Mostly Cloudy,rain,7.733333333,7.733333333,0.96,0,0,15.134,1018.51,Mostly cloudy throughout the day.
5/2/2016,Overcast,rain,13.19444444,13.19444444,0.91,12.9283,200,9.9015,1015.52,Overcast throughout the day.
5/3/2016,Overcast,rain,13.31111111,13.31111111,0.86,11.1895,359,16.1,1011.79,Mostly cloudy throughout the day.
5/4/2016,Overcast,rain,10.53333333,10.53333333,0.93,6.1502,321,12.2521,1011.16,Mostly cloudy throughout the day.
5/5/2016,Mostly Cloudy,rain,12.66666667,12.66666667,0.81,19.9318,310,16.1,1016.96,Partly cloudy throughout the day.
5/6/2016,Partly Cloudy,rain,11.76111111,11.76111111,0.8,10.7709,352,16.1,1019.5,Partly cloudy throughout the day.
5/7/2016,Partly Cloudy,rain,11.67222222,11.67222222,0.71,6.4883,1,16.1,1016.06,Partly cloudy throughout the day.
5/8/2016,Partly Cloudy,rain,9.588888889,9.588888889,0.72,3.2683,336,16.1,1015.45,Partly cloudy throughout the day.
5/9/2016,Partly Cloudy,rain,11.46111111,11.46111111,0.78,3.22,320,16.1,1018.25,Partly cloudy throughout the day.
5/10/2016,Clear,rain,11.55,11.55,0.72,6.4883,109,16.1,1019.4,Mostly cloudy starting overnight.
5/11/2016,Overcast,rain,13.24444444,13.24444444,0.96,3.0751,150,5.9731,1015.11,Foggy in the morning.
5/12/2016,Overcast,rain,15.8,15.8,0.8,6.44,50,15.6009,1007.62,Mostly cloudy throughout the day.
5/13/2016,Overcast,rain,13.91666667,13.91666667,0.96,13.2503,257,8.05,998.15,Partly cloudy throughout the day and breezy in the afternoon.
5/14/2016,Overcast,rain,14.4,14.4,0.77,13.9587,191,15.8263,1000.33,Mostly cloudy throughout the day and breezy starting in the morning continuing until afternoon.
5/15/2016,Partly Cloudy,rain,12.24444444,12.24444444,0.93,6.6976,264,16.1,1005.53,Mostly cloudy throughout the day.
5/16/2016,Partly Cloudy,rain,7.127777778,4.977777778,0.95,11.27,252,15.1823,1016.44,Partly cloudy throughout the day.
5/17/2016,Partly Cloudy,rain,6.633333333,6.633333333,0.86,3.5742,261,16.1,1018.03,Mostly cloudy starting overnight.
5/18/2016,Mostly Cloudy,rain,8.2,8.2,0.8,3.0751,260,16.1,1018.4,Mostly cloudy throughout the day.
5/19/2016,Partly Cloudy,rain,8.983333333,8.261111111,0.83,6.1985,169,16.1,1014.3,Mostly cloudy throughout the day.
5/20/2016,Partly Cloudy,rain,11.76111111,11.76111111,0.89,6.0214,23,16.1,1013.51,Partly cloudy throughout the day.
5/21/2016,Partly Cloudy,rain,11.73333333,11.73333333,0.83,6.3595,329,16.1,1017.35,Partly cloudy starting in the morning.
5/22/2016,Partly Cloudy,rain,12.13333333,12.13333333,0.78,3.2039,329,16.1,1018.95,Partly cloudy until night.
5/23/2016,Partly Cloudy,rain,15.28333333,15.28333333,0.72,6.44,130,16.1,1015.11,Partly cloudy throughout the day.
5/24/2016,Partly Cloudy,rain,18.81666667,18.81666667,0.7,10.4328,131,16.1,1005.91,Mostly cloudy throughout the day.
5/25/2016,Overcast,rain,14.88333333,14.88333333,0.88,14.0231,290,9.982,1004.74,Mostly cloudy throughout the day.
5/26/2016,Mostly Cloudy,rain,15.48888889,15.48888889,0.85,11.2056,291,16.1,1011.05,Partly cloudy throughout the day.
5/27/2016,Clear,rain,14.93888889,14.93888889,0.9,3.2683,266,15.8263,1015.64,Partly cloudy starting in the morning.
5/28/2016,Mostly Cloudy,rain,18.17222222,18.17222222,0.79,3.1878,78,16.1,1016.01,Partly cloudy throughout the day.
5/29/2016,Partly Cloudy,rain,19.28888889,19.28888889,0.69,6.2951,110,16.1,1012.12,Partly cloudy throughout the day.
5/30/2016,Partly Cloudy,rain,21.53333333,21.53333333,0.77,11.0446,149,16.1,1007.1,Partly cloudy throughout the day.
5/31/2016,Mostly Cloudy,rain,19.82222222,19.82222222,0.73,3.2844,314,16.1,1009.85,Partly cloudy throughout the day.
6/1/2016,Partly Cloudy,rain,15.49444444,15.49444444,0.78,6.4239,182,16.1,1013.5,Mostly cloudy throughout the day.
6/2/2016,Overcast,rain,16.71666667,16.71666667,0.83,18.837,201,15.8263,1012.85,Mostly cloudy throughout the day.
6/3/2016,Mostly Cloudy,rain,15.46666667,15.46666667,0.96,3.22,90,15.8263,1010.61,Mostly cloudy throughout the day.
6/4/2016,Mostly Cloudy,rain,15.51111111,15.51111111,0.93,6.4883,339,16.1,1009.55,Mostly cloudy throughout the day.
6/5/2016,Mostly Cloudy,rain,16.13888889,16.13888889,0.93,3.5742,291,15.1823,1012.12,Mostly cloudy throughout the day.
6/6/2016,Mostly Cloudy,rain,17.15,17.15,0.93,11.27,338,16.1,1013.97,Partly cloudy throughout the day.
6/7/2016,Partly Cloudy,rain,16.64444444,16.64444444,0.58,10.8192,32,16.1,1019.22,Partly cloudy until night.
6/8/2016,Clear,rain,12.13333333,12.13333333,0.78,0,0,16.1,1021.83,Partly cloudy starting in the morning.
6/9/2016,Partly Cloudy,rain,14.77777778,14.77777778,0.79,6.44,190,16.1,1015.62,Partly cloudy throughout the day.
6/10/2016,Partly Cloudy,rain,15.53888889,15.53888889,0.89,11.27,50,16.1,1011.63,Mostly cloudy throughout the day.
6/11/2016,Mostly Cloudy,rain,17.57777778,17.57777778,0.92,8.05,240,16.1,1011.33,Mostly cloudy throughout the day.
6/12/2016,Mostly Cloudy,rain,16.64444444,16.64444444,0.93,14.0714,71,15.7297,1010.53,Mostly cloudy throughout the day.
6/13/2016,Mostly Cloudy,rain,17.15,17.15,1,3.22,330,9.982,1006.06,Mostly cloudy throughout the day.
6/14/2016,Mostly Cloudy,rain,15.97222222,15.97222222,0.97,11.1251,310,15.6492,1000.37,Partly cloudy throughout the day.
6/15/2016,Mostly Cloudy,rain,16.08888889,16.08888889,0.9,6.1502,270,16.1,1001.32,Mostly cloudy throughout the day.
6/16/2016,Partly Cloudy,rain,15.44444444,15.44444444,0.96,0.1449,210,16.0517,1008.22,Partly cloudy throughout the day.
6/17/2016,Mostly Cloudy,rain,24.23888889,24.23888889,0.63,27.4505,150,16.1,1005.13,Mostly cloudy throughout the day.
6/18/2016,Overcast,rain,19.83333333,19.83333333,0.71,6.44,240,16.1,1015.5,Partly cloudy throughout the day.
6/19/2016,Partly Cloudy,rain,17.08333333,17.08333333,0.87,3.3166,55,16.1,1015.65,Mostly cloudy throughout the day.
6/20/2016,Mostly Cloudy,rain,17.66666667,17.66666667,1,10.7548,321,10.2074,1013.95,Mostly cloudy throughout the day.
6/21/2016,Partly Cloudy,rain,20.32777778,20.32777778,0.79,6.5205,319,15.8263,1019.93,Mostly cloudy throughout the day.
6/22/2016,Mostly Cloudy,rain,21.46111111,21.46111111,0.92,3.22,350,15.1823,1022.35,Partly cloudy throughout the day.
6/23/2016,Partly Cloudy,rain,21.68888889,21.68888889,0.86,6.1341,349,16.1,1022.07,Partly cloudy until night.
6/24/2016,Partly Cloudy,rain,22.12777778,22.12777778,0.93,6.2307,19,16.0517,1020.16,Partly cloudy until night.
6/25/2016,Partly Cloudy,rain,22.78888889,22.78888889,0.73,10.8031,120,16.1,1016.31,Partly cloudy throughout the day.
6/26/2016,Clear,rain,22.80555556,22.80555556,0.82,3.0912,154,16.1,1012.83,Partly cloudy overnight.
6/27/2016,Overcast,rain,21.62222222,21.62222222,0.81,15.8907,312,15.8263,1014.62,Mostly cloudy throughout the day.
6/28/2016,Overcast,rain,19.79444444,19.79444444,0.79,19.9318,290,16.0517,1013.7,Mostly cloudy throughout the day.
6/29/2016,Partly Cloudy,rain,16.62777778,16.62777778,0.96,3.059,333,16.1,1015.14,Partly cloudy until evening.
6/30/2016,Clear,rain,16.64444444,16.64444444,0.92,0,0,16.1,1015.73,Partly cloudy starting in the morning.
7/1/2016,Partly Cloudy,rain,20.01111111,20.01111111,0.87,0,0,16.1,1015.53,Partly cloudy throughout the day.
7/2/2016,Partly Cloudy,rain,19.97777778,19.97777778,0.87,6.279,330,16.1,1016.26,Partly cloudy starting in the morning.
7/3/2016,Partly Cloudy,rain,22.10555556,22.10555556,0.84,6.44,140,16.1,1012.51,Partly cloudy starting overnight.
7/4/2016,Overcast,rain,19.76666667,19.76666667,0.56,19.9318,310,16.1,1019.09,Partly cloudy throughout the day.
7/5/2016,Clear,rain,15,15,0.82,3.22,310,16.1,1020.03,Partly cloudy starting overnight.
7/6/2016,Partly Cloudy,rain,17.76111111,17.76111111,0.78,3.1717,188,16.1,1014.68,Mostly cloudy throughout the day.
7/7/2016,Mostly Cloudy,rain,18.78888889,18.78888889,0.61,10.5777,330,16.1,1017.16,Partly cloudy until night.
7/8/2016,Partly Cloudy,rain,12.80555556,12.80555556,0.8,2.9141,196,16.1,1020.63,Partly cloudy starting in the morning.
7/9/2016,Partly Cloudy,rain,17.17777778,17.17777778,0.7,6.0375,130,16.1,1017.72,Partly cloudy throughout the day.
7/10/2016,Partly Cloudy,rain,16.66666667,16.66666667,0.81,6.4239,272,16.1,1017.46,Partly cloudy throughout the day.
7/11/2016,Partly Cloudy,rain,20.44444444,20.44444444,0.62,6.6654,120,16.1,1016.92,Partly cloudy starting in the morning.
7/12/2016,Partly Cloudy,rain,18.84444444,18.84444444,0.78,6.44,120,16.1,1014.41,Partly cloudy until night.
7/13/2016,Clear,rain,25.25555556,25.25555556,0.55,14.0392,150,16.1,1010.09,Partly cloudy starting in the morning continuing until night.
7/14/2016,Mostly Cloudy,rain,26.22777778,26.22777778,0.62,12.5419,182,15.8263,1006.63,Mostly cloudy throughout the day.
7/15/2016,Partly Cloudy,rain,16.01111111,16.01111111,0.75,11.3988,321,16.1,1015.7,Mostly cloudy throughout the day.
7/16/2016,Overcast,rain,16.06666667,16.06666667,0.84,24.6813,10,15.8263,1013.53,Mostly cloudy throughout the day.
7/17/2016,Partly Cloudy,rain,13.03333333,13.03333333,0.96,3.1878,68,15.8263,1014.24,Mostly cloudy throughout the day.
7/18/2016,Mostly Cloudy,rain,16.13333333,16.13333333,0.92,16.8245,301,15.1823,1015.7,Partly cloudy throughout the day.
7/19/2016,Partly Cloudy,rain,18.30555556,18.30555556,0.84,11.2378,281,16.1,1017.37,Partly cloudy throughout the day.
7/20/2016,Partly Cloudy,rain,17.20555556,17.20555556,0.87,0.3703,310,16.1,1018.34,Partly cloudy until night.
7/21/2016,Clear,rain,16.08888889,16.08888889,0.93,0,0,16.1,1016.71,Partly cloudy starting in the morning.
7/22/2016,Partly Cloudy,rain,19.86111111,19.86111111,0.82,6.44,170,16.1,1015.31,Partly cloudy until night.
7/23/2016,Partly Cloudy,rain,20.02777778,20.02777778,0.93,0,0,16.1,1015.43,Partly cloudy starting overnight.
7/24/2016,Partly Cloudy,rain,24.7,24.7,0.76,14.49,90,15.7297,1015.53,Partly cloudy throughout the day.
7/25/2016,Mostly Cloudy,rain,21.66666667,21.66666667,0.9,0.1288,120,16.1,1016.63,Mostly cloudy throughout the day.
7/26/2016,Mostly Cloudy,rain,20.41666667,20.41666667,0.87,6.4883,339,16.1,1015.36,Foggy overnight.
7/27/2016,Foggy,rain,18.37222222,18.37222222,1,0,0,0.5957,1016.31,Foggy until morning.
7/28/2016,Clear,rain,21.04444444,21.04444444,0.97,0,0,10.2557,1014.71,Partly cloudy starting overnight.
7/29/2016,Mostly Cloudy,rain,20.43888889,20.43888889,0.93,2.9463,99,14.6349,1014.37,Partly cloudy throughout the day.
7/30/2016,Partly Cloudy,rain,20.90555556,20.90555556,0.93,3.22,200,12.2199,1014.53,Partly cloudy starting in the morning.
7/31/2016,Partly Cloudy,rain,20.99444444,20.99444444,0.87,0,0,16.1,1014.92,Partly cloudy starting in the morning.
8/1/2016,Partly Cloudy,rain,21.71111111,21.71111111,0.76,6.1502,141,16.1,1010.38,Mostly cloudy throughout the day.
8/2/2016,Overcast,rain,20.95,20.95,0.74,14.007,319,15.8263,1015.11,Mostly cloudy throughout the day.
8/3/2016,Partly Cloudy,rain,17.52777778,17.52777778,0.9,3.5581,293,16.1,1016.37,Partly cloudy throughout the day.
8/4/2016,Partly Cloudy,rain,17.71111111,17.71111111,0.9,0,0,16.1,1016.73,Partly cloudy starting in the morning continuing until night.
8/5/2016,Clear,rain,21.46111111,21.46111111,0.74,6.44,110,16.1,1014.32,Partly cloudy starting in the afternoon.
8/6/2016,Partly Cloudy,rain,24.28888889,24.28888889,0.67,9.66,108,16.1,1011.98,Partly cloudy throughout the day.
8/7/2016,Partly Cloudy,rain,20.42222222,20.42222222,0.76,13.8299,331,15.8263,1020.29,Partly cloudy throughout the day.
8/8/2016,Partly Cloudy,rain,17.13333333,17.13333333,0.78,10.8353,332,16.1,1023.37,Partly cloudy throughout the day.
8/9/2016,Clear,rain,16.99444444,16.99444444,0.71,3.22,200,16.1,1019.41,Partly cloudy starting in the morning.
8/10/2016,Partly Cloudy,rain,21.38333333,21.38333333,0.72,6.4239,347,16.1,1014.16,Partly cloudy throughout the day.
8/11/2016,Mostly Cloudy,rain,14.37777778,14.37777778,0.93,14.168,299,16.1,1015.18,Mostly cloudy throughout the day.
8/12/2016,Overcast,rain,14.19444444,14.19444444,0.93,6.279,289,14.7637,1021.77,Partly cloudy throughout the day.
8/13/2016,Partly Cloudy,rain,11.57777778,11.57777778,0.9,8.05,300,16.1,1025.75,Partly cloudy until night.
8/14/2016,Clear,rain,15.39444444,15.39444444,0.87,3.22,180,16.1,1024.62,Partly cloudy starting in the morning continuing until evening.
8/15/2016,Clear,rain,16.71666667,16.71666667,0.87,6.4239,202,16.1,1021.72,Partly cloudy starting in the morning.
8/16/2016,Mostly Cloudy,rain,21.99444444,21.99444444,0.74,6.1663,303,16.1,1017.67,Partly cloudy throughout the day.
8/17/2016,Partly Cloudy,rain,19.65,19.65,0.61,10.3362,120,16.1,1013.13,Mostly cloudy until night.
8/18/2016,Partly Cloudy,rain,15.07222222,15.07222222,1,8.05,80,4.2987,1013.43,Foggy starting overnight continuing until morning.
8/19/2016,Partly Cloudy,rain,16.57222222,16.57222222,0.93,1.6905,30,15.9229,1012.73,Partly cloudy throughout the day.
8/20/2016,Partly Cloudy,rain,17.68333333,17.68333333,0.88,0.3703,320,16.1,1014.66,Partly cloudy starting in the morning continuing until evening.
8/21/2016,Clear,rain,19.37777778,19.37777778,0.85,0,0,11.9784,1017.01,Mostly cloudy starting in the morning.
8/22/2016,Mostly Cloudy,rain,20.46666667,20.46666667,0.81,14.6993,319,16.1,1015.23,Overcast throughout the day.
8/23/2016,Overcast,rain,16.53888889,16.53888889,0.97,4.8139,359,3.8318,1021.49,Mostly cloudy until evening.
8/24/2016,Partly Cloudy,rain,17.66666667,17.66666667,0.84,10.5616,331,16.1,1022.4,Partly cloudy until evening.
8/25/2016,Clear,rain,17.77777778,17.77777778,0.78,10.8675,332,16.1,1022,Partly cloudy starting in the afternoon.
8/26/2016,Partly Cloudy,rain,18.81666667,18.81666667,0.7,6.3595,1,16.1,1021.18,Partly cloudy starting in the morning continuing until evening.
8/27/2016,Clear,rain,20.71666667,20.71666667,0.59,10.4811,60,16.1,1022.24,Partly cloudy starting in the afternoon continuing until evening.
8/28/2016,Clear,rain,17.68888889,17.68888889,0.84,1.6905,70,16.1,1020.83,Partly cloudy in the afternoon.
8/29/2016,Clear,rain,17.62222222,17.62222222,0.79,0,0,16.1,1017.73,Partly cloudy starting in the afternoon.
8/30/2016,Partly Cloudy,rain,19.95,19.95,0.69,10.9158,329,16.1,1016.1,Partly cloudy until night.
8/31/2016,Partly Cloudy,rain,19.84444444,19.84444444,0.58,10.787,21,16.1,1021.38,Partly cloudy until evening.
9/1/2016,Clear,rain,16.34444444,16.34444444,0.6,6.1502,40,16.1,1022.16,Partly cloudy starting in the morning continuing until night.
9/2/2016,Clear,rain,14.86111111,14.86111111,0.76,0.1449,300,16.1,1020.15,Partly cloudy starting in the morning.
9/3/2016,Partly Cloudy,rain,16.04444444,16.04444444,0.76,6.279,340,16.1,1018.76,Partly cloudy starting in the afternoon.
9/4/2016,Clear,rain,17.08333333,17.08333333,0.73,3.2039,329,16.1,1018.25,Mostly cloudy starting in the morning.
9/5/2016,Partly Cloudy,rain,18.80555556,18.80555556,0.75,10.6421,132,16.1,1013.71,Mostly cloudy throughout the day.
9/6/2016,Partly Cloudy,rain,14.32777778,14.32777778,0.93,3.4293,281,15.7297,1013.77,Mostly cloudy starting overnight.
9/7/2016,Overcast,rain,17.22222222,17.22222222,0.9,10.9158,351,16.1,1021.77,Partly cloudy throughout the day.
9/8/2016,Clear,rain,16.52777778,16.52777778,0.9,3.22,290,16.0517,1019.26,Partly cloudy starting overnight.
9/9/2016,Partly Cloudy,rain,17.75555556,17.75555556,0.81,2.9624,12,16.1,1014.65,Partly cloudy starting in the morning.
9/10/2016,Clear,rain,17.79444444,17.79444444,0.76,6.2468,19,16.0517,1016.26,Partly cloudy starting in the morning.
9/11/2016,Mostly Cloudy,rain,20.78888889,20.78888889,0.7,3.22,10,16.1,1016.25,Mostly cloudy throughout the day.
9/12/2016,Partly Cloudy,rain,18.21666667,18.21666667,0.82,3.1556,298,16.0517,1018.36,Partly cloudy throughout the day.
9/13/2016,Partly Cloudy,rain,21.27777778,21.27777778,0.67,0,0,16.0517,1017.78,Partly cloudy overnight.
9/14/2016,Partly Cloudy,rain,15.48333333,15.48333333,0.96,3.22,100,5.9731,1016.34,Foggy in the morning.
9/15/2016,Partly Cloudy,rain,16.57777778,16.57777778,0.88,0,0,15.5526,1016.03,Partly cloudy starting in the afternoon continuing until evening.
9/16/2016,Clear,rain,17.10555556,17.10555556,0.9,0,0,14.9086,1016.72,Partly cloudy starting in the afternoon.
9/17/2016,Partly Cloudy,rain,18.81666667,18.81666667,0.85,6.44,160,7.2128,1012.8,Partly cloudy throughout the day.
9/18/2016,Partly Cloudy,rain,15.50555556,15.50555556,0.88,3.3488,307,16.1,1011.76,Mostly cloudy throughout the day.
9/19/2016,Overcast,rain,19.83333333,19.83333333,0.64,12.1877,351,10.2557,1009.15,Overcast throughout the day.
9/20/2016,Overcast,rain,16.03888889,16.03888889,0.93,17.1787,10,9.9015,1006.02,Mostly cloudy throughout the day.
9/21/2016,Overcast,rain,12.68888889,12.68888889,0.67,10.465,31,15.1823,1015.41,Mostly cloudy throughout the day.
9/22/2016,Partly Cloudy,rain,8.994444444,8.994444444,0.86,3.4293,231,16.1,1018.84,Partly cloudy until evening.
9/23/2016,Clear,rain,8.2,8.2,0.89,3.0751,213,15.8263,1023.74,Partly cloudy starting in the morning.
9/24/2016,Partly Cloudy,rain,8.311111111,8.311111111,0.93,0,0,12.2521,1026.82,Partly cloudy starting in the morning.
9/25/2016,Partly Cloudy,rain,12.52777778,12.52777778,0.86,3.22,320,16.0517,1024.15,Mostly cloudy until night.
9/26/2016,Partly Cloudy,rain,11.09444444,11.09444444,0.86,6.4722,2,15.8263,1020.96,Partly cloudy until night.
9/27/2016,Mostly Cloudy,rain,10.25,10.25,0.84,0.1449,330,15.8263,1023.26,Partly cloudy until evening.
9/28/2016,Clear,rain,8.75,8.75,0.86,0,0,15.8263,1028.25,Partly cloudy starting in the afternoon.
9/29/2016,Mostly Cloudy,rain,11.72222222,11.72222222,0.77,3.5259,224,16.1,1027.51,Partly cloudy until night.
9/30/2016,Partly Cloudy,rain,13.68333333,13.68333333,0.81,6.2468,181,16.1,1021.6,Partly cloudy starting in the morning continuing until evening.
10/1/2016,Partly Cloudy,rain,12.52777778,12.52777778,0.87,2.9463,170,9.7566,1017.92,Partly cloudy until night.
10/2/2016,Partly Cloudy,rain,13.85,13.85,0.78,6.118,160,16.1,1015.3,Mostly cloudy starting in the morning.
10/3/2016,Overcast,rain,15.51111111,15.51111111,0.96,6.1824,348,8.8389,1015.33,Foggy starting overnight continuing until morning.
10/4/2016,Mostly Cloudy,rain,12.17777778,12.17777778,0.9,17.1304,260,16.1,1019.84,Mostly cloudy throughout the day.
10/5/2016,Overcast,rain,9.972222222,6.977777778,0.81,24.311,359,16.1,1017.73,Mostly cloudy throughout the day.
10/6/2016,Mostly Cloudy,rain,5.65,2.644444444,0.82,14.49,240,15.8263,1017.39,Overcast throughout the day.
10/7/2016,Overcast,rain,7.633333333,5.672222222,0.93,10.8192,211,15.7297,1016.92,Mostly cloudy throughout the day.
10/8/2016,Overcast,rain,6.5,4.316666667,0.89,10.7226,329,8.0017,1017.08,Partly cloudy until night.
10/9/2016,Partly Cloudy,rain,4.261111111,4.261111111,0.92,3.2039,239,14.5866,1020.94,Partly cloudy until night.
10/10/2016,Mostly Cloudy,rain,3.838888889,3.838888889,0.92,3.3649,356,9.7566,1023.34,Foggy in the morning.
10/11/2016,Overcast,rain,9.927777778,7.572222222,0.77,17.3397,50,16.1,1015.69,Foggy starting in the evening.
10/12/2016,Foggy,rain,8.238888889,7.355555556,0.96,6.3756,349,2.0286,1010.84,Light rain starting overnight.
10/13/2016,Mostly Cloudy,rain,7.416666667,4.438888889,0.88,17.3236,290,11.9784,1014.84,Foggy starting in the evening.
10/14/2016,Foggy,null,5.372222222,4.094444444,0.88,6.2146,79,0.322,1022.24,Foggy until morning.
10/15/2016,Mostly Cloudy,null,9.355555556,7.427777778,0.77,12.8478,97,16.1,1019.89,Drizzle starting in the evening.
10/16/2016,Drizzle,rain,11.54444444,11.54444444,0.86,7.3577,151,15.5043,1018.53,Drizzle until morning.
10/17/2016,Foggy,rain,11.27222222,11.27222222,0.95,6.1663,50,2.3023,1025.02,Foggy overnight.
10/18/2016,Mostly Cloudy,null,8.461111111,5.727777778,0.76,17.4685,148,16.1,1028.79,Mostly cloudy throughout the day.
10/19/2016,Overcast,null,7.855555556,6.2,0.7,9.3863,134,15.8263,1023.5,Overcast throughout the day.
10/20/2016,Overcast,null,7.994444444,5.505555556,0.75,14.651,152,15.8263,1020.55,Mostly cloudy throughout the day.
10/21/2016,Drizzle,rain,9.494444444,7.216666667,0.84,15.7458,152,15.6492,1015.75,Rain throughout the day.
10/22/2016,Rain,rain,9.288888889,8.244444444,0.95,7.728,314,4.4919,1014.09,Rain until morning.
10/23/2016,Clear,null,5.4,4.288888889,0.81,5.7316,141,5.796,1019.97,Foggy starting overnight continuing until morning.
10/24/2016,Foggy,null,7.4,5.822222222,0.93,8.6457,153,0.0966,1022.32,Foggy until morning.
10/25/2016,Mostly Cloudy,null,11.05,11.05,0.85,18.7243,164,9.9981,1023.28,Light rain overnight.
10/26/2016,Light Rain,rain,13,13,0.87,10.4489,165,0,1021.08,Rain until afternoon.
10/27/2016,Clear,null,7.022222222,4.322222222,0.84,14.5222,13,0,1026.57,Partly cloudy starting in the morning continuing until afternoon.
10/28/2016,Clear,null,4.655555556,2.916666667,0.8,7.3899,11,0,1032.4,Clear throughout the day.
10/29/2016,Partly Cloudy,null,6.477777778,4.222222222,0.83,11.1251,255,0,1031.23,Mostly cloudy until evening.
10/30/2016,Clear,null,6.333333333,3.277777778,0.75,15.939,319,0,1027.62,Clear throughout the day.
10/31/2016,Clear,null,3.644444444,1.738888889,0.85,7.3738,339,0,1025.59,Mostly cloudy starting in the afternoon.
11/1/2016,Mostly Cloudy,null,6.205555556,4.527777778,0.92,8.1466,297,0,1021.74,Partly cloudy starting in the afternoon.
11/2/2016,Partly Cloudy,null,7.45,5.983333333,0.88,8.1788,212,0,1019.92,Mostly cloudy until morning.
11/3/2016,Partly Cloudy,rain,5.55,3.616666667,0.9,8.7101,169,12.4292,1019.85,Partly cloudy throughout the day.
11/4/2016,Partly Cloudy,rain,5.388888889,3.416666667,0.91,8.7584,170,12.3326,1019.79,Partly cloudy throughout the day.
11/5/2016,Partly Cloudy,rain,5.227777778,3.222222222,0.91,8.7906,171,12.2521,1019.74,Partly cloudy throughout the day.
11/6/2016,Partly Cloudy,rain,5.072222222,3.044444444,0.91,8.7584,171,12.1716,1019.68,Partly cloudy throughout the day.
11/7/2016,Partly Cloudy,rain,4.916666667,2.877777778,0.91,8.694,170,12.0911,1019.63,Partly cloudy throughout the day.
11/8/2016,Partly Cloudy,rain,4.761111111,2.688888889,0.91,8.694,170,12.0106,1019.58,Mostly cloudy throughout the day.
11/9/2016,Partly Cloudy,rain,4.605555556,2.488888889,0.91,8.7745,170,11.9301,1019.53,Mostly cloudy throughout the day.
11/10/2016,Partly Cloudy,rain,4.455555556,2.277777778,0.91,8.9033,169,11.8496,1019.49,Mostly cloudy throughout the day.
11/11/2016,Partly Cloudy,rain,4.3,2.066666667,0.92,9.0321,169,11.7691,1019.45,Partly cloudy throughout the day.
11/12/2016,Partly Cloudy,rain,4.15,1.872222222,0.92,9.1126,169,11.6886,1019.42,Partly cloudy throughout the day.
11/13/2016,Partly Cloudy,rain,4.005555556,1.683333333,0.92,9.1448,168,11.6242,1019.39,Partly cloudy throughout the day.
11/14/2016,Partly Cloudy,rain,3.855555556,1.516666667,0.92,9.1126,168,11.5437,1019.36,Partly cloudy throughout the day.
11/15/2016,Partly Cloudy,rain,3.711111111,1.372222222,0.92,8.9838,168,11.4632,1019.34,Partly cloudy throughout the day.
11/16/2016,Partly Cloudy,rain,3.566666667,1.205555556,0.92,8.9838,169,11.3988,1019.33,Partly cloudy throughout the day.
11/17/2016,Partly Cloudy,rain,3.422222222,1.005555556,0.92,9.1126,171,11.3183,1019.32,Partly cloudy throughout the day.
11/18/2016,Partly Cloudy,rain,3.277777778,0.8,0.93,9.2414,172,11.2539,1019.32,Partly cloudy throughout the day.
11/19/2016,Partly Cloudy,rain,3.138888889,0.616666667,0.93,9.3219,173,11.1734,1019.32,Mostly cloudy throughout the day.
11/20/2016,Partly Cloudy,rain,3,0.444444444,0.93,9.338,173,11.109,1019.32,Mostly cloudy throughout the day.
11/21/2016,Partly Cloudy,rain,2.861111111,0.294444444,0.93,9.2897,173,11.0285,1019.34,Mostly cloudy throughout the day.
11/22/2016,Partly Cloudy,rain,2.727777778,0.15,0.93,9.2414,173,10.9641,1019.35,Mostly cloudy throughout the day.
11/23/2016,Partly Cloudy,rain,2.594444444,-0.005555556,0.93,9.2092,173,10.8997,1019.37,Mostly cloudy throughout the day.
11/24/2016,Partly Cloudy,rain,2.461111111,-0.172222222,0.93,9.2575,174,10.8353,1019.4,Mostly cloudy throughout the day.
11/25/2016,Partly Cloudy,rain,2.327777778,-0.361111111,0.93,9.3702,175,10.7709,1019.43,Mostly cloudy throughout the day.
11/26/2016,Partly Cloudy,rain,2.2,-0.544444444,0.93,9.499,176,10.7065,1019.46,Mostly cloudy throughout the day.
11/27/2016,Partly Cloudy,rain,2.077777778,-0.711111111,0.93,9.5634,177,10.6421,1019.49,Mostly cloudy throughout the day.
11/28/2016,Partly Cloudy,rain,1.95,-0.861111111,0.94,9.5795,178,10.5777,1019.53,Mostly cloudy throughout the day.
11/29/2016,Partly Cloudy,rain,1.827777778,-1.005555556,0.94,9.5634,178,10.5133,1019.57,Mostly cloudy throughout the day.
11/30/2016,Partly Cloudy,rain,1.705555556,-1.133333333,0.94,9.5151,178,10.465,1019.61,Mostly cloudy throughout the day.
12/1/2016,Partly Cloudy,rain,1.588888889,-1.266666667,0.94,9.4829,179,10.4006,1019.65,Mostly cloudy throughout the day.
12/2/2016,Partly Cloudy,rain,1.472222222,-1.411111111,0.94,9.499,179,10.3523,1019.69,Mostly cloudy throughout the day.
12/3/2016,Partly Cloudy,rain,1.355555556,-1.55,0.94,9.5151,179,10.304,1019.73,Mostly cloudy throughout the day.
12/4/2016,Partly Cloudy,rain,1.244444444,-1.683333333,0.94,9.5151,179,10.2557,1019.77,Mostly cloudy throughout the day.
12/5/2016,Partly Cloudy,rain,1.133333333,-1.816666667,0.94,9.5151,179,10.2074,1019.81,Mostly cloudy throughout the day.
12/6/2016,Partly Cloudy,rain,1.027777778,-1.944444444,0.94,9.5151,180,10.1591,1019.85,Mostly cloudy throughout the day.
12/7/2016,Partly Cloudy,rain,0.922222222,-2.066666667,0.94,9.5151,180,10.1108,1019.89,Mostly cloudy throughout the day.
12/8/2016,Mostly Cloudy,rain,0.816666667,-2.194444444,0.94,9.5151,181,10.0786,1019.93,Mostly cloudy throughout the day.
12/9/2016,Mostly Cloudy,rain,0.716666667,-2.327777778,0.94,9.5634,182,10.0464,1019.97,Mostly cloudy throughout the day.
12/10/2016,Mostly Cloudy,rain,0.616666667,-2.466666667,0.94,9.6439,183,10.0142,1020.01,Mostly cloudy throughout the day.
12/11/2016,Mostly Cloudy,rain,0.522222222,-2.594444444,0.94,9.6922,185,9.982,1020.04,Mostly cloudy throughout the day.
12/12/2016,Mostly Cloudy,rain,0.427777778,-2.705555556,0.94,9.7083,186,9.9498,1020.07,Mostly cloudy throughout the day.
12/13/2016,Mostly Cloudy,rain,0.338888889,-2.811111111,0.94,9.6761,186,9.9176,1020.11,Mostly cloudy throughout the day.
12/14/2016,Mostly Cloudy,rain,0.25,-2.9,0.94,9.6117,187,9.9015,1020.14,Mostly cloudy throughout the day.
12/15/2016,Mostly Cloudy,rain,0.161111111,-2.983333333,0.94,9.5473,187,9.8854,1020.17,Mostly cloudy throughout the day.
12/16/2016,Mostly Cloudy,rain,0.077777778,-3.066666667,0.94,9.4829,187,9.8693,1020.2,Mostly cloudy throughout the day.
12/17/2016,Mostly Cloudy,snow,-0.005555556,-3.172222222,0.94,9.5151,187,9.8532,1020.24,Mostly cloudy throughout the day.
12/18/2016,Mostly Cloudy,snow,-0.083333333,-3.294444444,0.94,9.6117,187,9.8371,1020.27,Mostly cloudy throughout the day.
12/19/2016,Mostly Cloudy,snow,-0.161111111,-3.405555556,0.94,9.6922,188,9.821,1020.3,Mostly cloudy throughout the day.
12/20/2016,Mostly Cloudy,snow,-0.233333333,-3.505555556,0.94,9.7405,189,9.8049,1020.33,Mostly cloudy throughout the day.
12/21/2016,Mostly Cloudy,snow,-0.305555556,-3.6,0.94,9.7566,190,9.8049,1020.36,Mostly cloudy throughout the day.
12/22/2016,Mostly Cloudy,snow,-0.377777778,-3.683333333,0.94,9.7727,191,9.7888,1020.39,Mostly cloudy throughout the day.
12/23/2016,Mostly Cloudy,snow,-0.438888889,-3.688888889,0.94,9.499,192,9.7888,1020.42,Mostly cloudy throughout the day.
12/24/2016,Mostly Cloudy,snow,-0.505555556,-3.716666667,0.94,9.338,195,9.7888,1020.45,Mostly cloudy throughout the day.
12/25/2016,Mostly Cloudy,snow,-0.566666667,-3.8,0.94,9.3863,197,9.7727,1020.49,Mostly cloudy throughout the day.
12/26/2016,Mostly Cloudy,snow,-0.622222222,-3.888888889,0.94,9.4507,199,9.7727,1020.52,Mostly cloudy throughout the day.
12/27/2016,Mostly Cloudy,snow,-0.677777778,-3.955555556,0.94,9.4507,200,9.7727,1020.55,Mostly cloudy throughout the day.
12/28/2016,Mostly Cloudy,snow,-0.733333333,-4.011111111,0.94,9.4346,200,9.7727,1020.58,Mostly cloudy throughout the day.
12/29/2016,Mostly Cloudy,snow,-0.783333333,-4.066666667,0.94,9.4024,198,9.7727,1020.61,Mostly cloudy throughout the day.
12/30/2016,Mostly Cloudy,snow,-0.827777778,-4.005555556,0.94,9.016,198,9.7888,1020.64,Mostly cloudy throughout the day.
12/31/2016,Mostly Cloudy,snow,-0.872222222,-4.083333333,0.94,9.1126,197,9.7888,1020.67,Mostly cloudy throughout the day.
